query;0-mean;0-minus;0-plus;0-first-mean;0-first-minus;0-first-plus;1-mean;1-minus;1-plus;1-first-mean;1-first-minus;1-first-plus;2-mean;2-minus;2-plus;2-first-mean;2-first-minus;2-first-plus;3-mean;3-minus;3-plus;3-first-mean;3-first-minus;3-first-plus;4-mean;4-minus;4-plus;4-first-mean;4-first-minus;4-first-plus
D1;4729.2;4162.2;9610.8;1543.8;977.8;2647.2;3651.8;3610.8;9970.2;1028;987;2478;5267.8;4196.8;6974.2;2178;1108;3091;5053.6;4172.6;7189.4;2007.4;1127.4;2984.6;5229.6;4324.6;5859.4;2013;1109;1408
D2;4101;3156;4551;1298.4;420.4000000000001;617.5999999999999;4115.8;3424.8;4634.2;1200.2;522.2;662.8;5879.4;4859.4;6183.6;1899.4;891.4000000000001;1093.6;5896;4895;6556;1837.4;848.4000000000001;1096.6;6114.6;5081.6;5455.4;2054.8;1032.8000000000002;775.1999999999998
D3;13.8;9.8;9.2;7.8;6.8;9.2;12.6;8.6;16.4;7.2;5.2;15.8;11.8;7.800000000000001;12.2;4.2;2.2;1.7999999999999998;15.6;11.6;11.4;6.8;5.8;10.2;10;6;9;4.2;2.2;3.8
D4;0;0;0;0;0;0;1;1;4;0.6;0.6;2.4;0.8;0.8;3.2;0;0;0;0;0;0;0;0;0;0;0;0;0;0;0
D5;944;703;813;155.4;102.4;81.6;1413.4;1005.4000000000001;1623.6;273.2;177.2;97.80000000000001;1294.4;830.4000000000001;1192.6;195.4;126.4;344.6;1298.6;906.5999999999999;1155.4;241.4;170.4;269.6;1161;792;895;215;109;196
D6;51914.6;50795.6;68359.4;2911;1792;2006;52012;51004;68702;2824.3333333333335;1816.3333333333335;1876.6666666666665;52570.6;51366.6;68090.4;3443.3333333333335;2239.3333333333335;2678.6666666666665;52708;51391;67928;3286.3333333333335;1970.3333333333335;2125.6666666666665;52894.4;51206.4;67689.6;4025.3333333333335;2355.3333333333335;2860.6666666666665
D7;52781.4;51196.4;67666.6;5163.4;3579.3999999999996;2486.6000000000004;52864.4;51535.4;67465.6;5491.8;4163.8;3393.2;54010.4;51724.4;66653.6;5460;5160;3256;53733.6;51825.6;66983.4;6144.8;4326.8;2329.2;53190.8;51707.8;67190.2;5708.8;4231.8;3888.2
D8;19456.6;12249.599999999999;17411.4;16533.4;10316.400000000001;15549.599999999999;18037.8;10970.8;22603.2;16161;9734;19770;17423.4;9521.400000000001;15827.599999999999;15047;8052;16146;18500.8;10394.8;21707.2;16127.2;9023.2;19266.8;35130;13765;26272;28509.4;9972.400000000001;18685.6
